image_id,group
cbad739adf8a8bf6803b77f81946f8a4,0
72bd56326bacd70420b41ec463aae7e8,0
dfb94f6d16ff40e04681be2c2fde7fcd,1
149fd3c5d3ede543589633ea0e711c24,1
439d66d2d3cb43a3208fd15917941334,2
108f2256764d82324ed9b2416b958291,2
99c6eb1d87928dfae4d098276b85b98c,3
67e80d7930675251b17a42baf5920293,3
9e25a72634b60efd066f96c715437686,4
9b1ffef735e7269deed27dd7e8db6b42,4
cf7f123c8b625d018cd97190a3fb3d51,5
1f1440204eba45ff4f999795c7d52040,5
6c99a5ca4d6c8a76c87d2fd4795cbf55,6
2569e44ff22ee25e44ae31cafe6450ba,6
c5e43f6957d317a37a98f97cb2b855a1,7
622fc40ffe3f5307f850d3e6e3e738a4,7
946e85479cd3ac3e73f2698c9cf01806,8
083ab9e2c95fb0ea2b999c592fb41653,8
7f57053f651025603c6b4246acd0ba54,9
7817ae2d392ba4f6cb9104fbe70b6274,9
ba4a1e8412d6376304ae051d32184ce6,10
88bde4c99e9dff4e732dd21be1bb939b,10
581a0ecff3a2c886dbf5725909d210fe,11
39eb89fcccf2ffc38f65fc9874435d40,11
663be089197be4c5f7f4a6e1718f9c50,12
1aff7ddcd1864b0e2fa4fdf61e965a83,12
89912d7c7ffbad7504be4a75676fa4c2,13
67fa39eefb55953ca818c7c46d3a8369,13
bc8042b8de3ce084219ac65217fc9e0a,14
a59374f392ff144bfbe15d5b03c23588,14
da2319b5a8f33c13bcf2380c25b78e37,15
72a669da75812594654ab2097000c32c,15
fcaa47a2c6a94bdd2ba3618c6f0f2050,16
dd036a4ae490d912713ea354b58d8eb9,16
798bad8db4b90b6a0c012465a8fbc344,17
47791bc4ed9a7eb5329f4af7c4bbb84d,17
d707d86264e14f3d3f5bac156693e8f9,18
99d7160bba4f712fee688794520b4137,18
b993648443f3e9ff352b64202528592b,19
0e1bc26d651085dca788335c9f3b8dfc,19
fd545ee9fe42ed0eeb216fd4be3af3d2,4
68fa730b281bed2236a0b26397a000ce,20
61ece421cba834e92bb6338e30c5f6e4,20
d2eee81a3492a7577e45e6784e450de9,21
c5d6646dda31ee94cf4bbfef14e08e76,21
e61f5f4feabbb1cb6c09a2bd4494b916,22
8c64bb74f16d4a6c44c9b8ea5dee8543,22
748ddaf8e51c84b260335520e97a8cd7,23
1ec31c0ef1a94feed5942cfb9643f077,23
cdf40333dfe2afec1a4c54d9eeb1ec7a,24
8e03d0bfa55336cccbfa604e66a878fb,24
ea954ce0f1563b69d79bd1c2b7129618,25
7a0a36bc6119e3d78474e6c8ca875725,25
5203b6b2f6c3e46cdb2f09b9d99a5ecd,26
0bc3b1ea9b5e5af3355cfbd9eb7561a1,26
e956c0c77d87f17644ec64ccd2abd66a,27
16272df65f00bdc126b5ca32de2b3a6b,27
dd1c5062a0c646d6af4d2d77b4129db4,28
6e2e6f847032e2b8823d91cd52b3ef2a,28
771b4d1f002ddd740017d6e4371df8d0,29
00bbc1482301d16de3ff63238cfd0b34,29
e2726cffee3499287c6f87b561dd228d,30
8a415b0e974861fa00ae9d88f9e3b980,30
b6f1c3c748055235a8130ee71f4d3efa,31
05657a4cdbbe3bd466402d227bf0b2c7,31
ac07fd6531d7536124ceab1990d5227d,32
12cfad8e48fa7241aaeb2436a719daa7,32
bff2576aa2577cf63a76c2917c3bc387,33
b2e452fe7fc20523a2a54b2d2db5c9ab,33
eb18e2e49ff4b26634ed4737a7d48b2a,34
da558caad449f980ef35d87f9bfc2fa4,34
5da72569e3908391620c3fc13b3fd821,35
3ea2b7849d7ce4fccad168565e8e669e,35
fd73fb132d70187e69bc0638323b0ef9,36
f9c0aa4cd5ad8ff43fcd67fd626964b0,36
b0b8b9f98e54aefbf88c4fca02fde51b,37
2ad0f2857a4552a25127205fd04a5e9f,37
b7932b71e15722e1908ad98af13d50fb,38
00c52cb4db1c7a5811a8f070a910c038,3
b53db1580f4195765d45ddd7c4907e2a,39
68d72c5e4c104168c1a12ef520fbed6c,39
3795ba90ba4303d37accaa4eaf82c747,40
2fb68d6713a52e322692dbc99ac82444,40
d63c41a88f43f4f46b49fe4d63c9d117,32
bfc0f3be45e3eff66989c2553cf39436,41
4d929aa6fe44ea0737891aff4f927818,41
8ddd6a0c4628dbfdcd6d3bcb0fa1ecbc,42
135e69f222d3c272fd97a5914341065f,42
c2edf539162ecaea59933196e84de2f5,43
05c4384280a459216bca38ea2a9230ec,43
f6ffc86aa0c22f0f0e6bb3b5c3dd79e9,44
644c556ebc3fc0c4345e328f8523308c,44
8a31a42bb904f022190f57733ccef19c,45
00928370e2dfeb8a507667ef1d4efcbb,45
9df270613df3c7eb10ec71bfc1aebde3,46
7e43dec1572c29fac7a8e6ed7905e927,46
e8b5dc4dc51b355c689b8bed7d8cc7c1,47
18157fa5a744739d34a3c498e4aa8dab,47
d84d260546dfd285df712402731d0cbe,19
bd5aa0e284c6dc0b0b09513731f252a8,48
004dd32d9cd167d9cc31c13b704498af,48
bb0dfd783c80c4485da90113a01ea8ae,49
abfe06f56b989f9e1d6034b12bb885d8,49
a579110fe1e670847d9d146404597750,50
291b2132e1fb9131478b8d691406874b,50
cca735c397880e88192e97d68b97754e,51
4abf4f8b4b7768af6eb06d3ef31b1e09,51
f31359d4b52d6111001bd6a27a216821,52
145c74333d681b537b51a1f2c553c24e,52
e187fc91f755db1d0885f19a0b333523,53
476f0dfb144aee7d5422dcc3b2b97a9f,53
42f5948e3b2a487ace2c9bf3ca7a5ff4,54
302fb7c22e2b2addcb939501b25882f9,54
6226ebfc1f9b743a8b02db4eb7145738,55
3c659b2837afab3af6b952fcbaa6a515,55
c4bcc0bc2da6444a5e4300f7bd2f577c,56
2ee68cce1ed0a65cf352ed55488979a0,56
96c62d8799651597247be49bf790d585,57
7b87b209b60e844a1b74a6e92edaa89b,57
cb3e609099b77a0d25918e6837e2a5aa,58
48978e6f6ae7bcc2044599737aee9b8d,58
a6c30b9c00539ff6e70c8fc774232c61,59
49db41e3293630f0b1a566d7c9a8f07e,59
9b92d948f0a8ca765ef5ca7ae650273d,60
528423d80e99a91576623f1772942237,60
ef49ceba7efcbd20b8cc1eda40b256fa,61
1a9dc3df5b76c7c4968530cdc05df1ec,61
9793c3c2317f38143d21a5187bb35652,62
5c083ab21fc57c0954468ab46aa7fb16,62
84a64d55903e7dfbad5e59693be25669,63
2caf855d25d357626f5ea914bdfe5774,63
ffc0cbbe28a6345a179d6210ef5c579f,64
96aac9c3672cadf72e9e60d634bb145a,64
eecab09cf5ba553de52a9b76a11e377a,65
d6a278e15348ef7d083adf43578dfdbd,65
2230a7655194054d5b1d2b52998d1585,66
11987580ef3e38921af9931918c88a26,66
e4858d718f97a3ff5dab42484f5b1bd7,67
9a9ca5c457ad34e83f7e83002c61550f,67
dae6944419535df993a53a9c3b0f8245,68
1e73a4d3e89de944a6c309defde99839,68
ff20d2d7c321ffb900fdf00de6d2eefd,69
59df439b2cd91c2cd68f3a0917ab470d,69
5bd19956ab63289395ba2b259a9aa8d1,70
4fae900c0644c8418c2028629afbd4e5,70
d8530375294e4c94c9c2aa2c7f79c13c,71
56a882d88e118dcb77a63bfdbdf0b716,71
f13cd8ec6e6fde523a0a065b62086d3c,72
725f6e74ba6aed08098c779047a19559,72
d3b6c2650c9f201f3ff4ad20faafc23a,73
a8ddb6294c3f4b9123471e92b3947b20,73
eb15d508d434c2fede99f7227d03fb4d,74
365966c438c314e225b1c81cccacb187,74
f1a65bcc3e01e8de90ea405984c61c4e,75
9c9a1315dee1ffce88d48728455c1199,75
5ebc2544193fed9aa6e846641a8d8f1e,76
316a926df7392be710915fdaaebbf18b,76
86a2e973602ec382660c072fa42ca670,77
01c669f3f6a18197285bdf357b45d477,77
d284c0c04e9c24ed036a882a92823ec5,78
a068d48cb0127a48b4b8c8574b39a2e3,78
fa347f99ad391a7ce5800ac7d161080a,79
cf28cb8b44e9549b766ece06085f647f,79
878e0b1bbfa299387e3afed9d7c372bf,80
56e5d931e0c46a942e76aaa95485b9cd,80
621f180f39962cf8dc87f62cf681200b,81
0c4c5c0598098cb221d34dc154cca14f,81
a3d3ad2b05d3291a3353f6d2fa2f7245,82
8d591bbdb85060fdda5c3c85f29ed9aa,82
c517993657aadfd868d6760a5136df94,83
c105c2ca793d49297acb88eb4eb49c76,83
f6f6fd84d5275c9f2caa8edb15141607,84
99cc5f5b9f1a86c14dc1970defb07799,84
a21c88c3d7c1a95eec2fdc7300fdfee0,85
81f1706e615ff80757a041cf70d022f5,85
f539f2dcee1a03c730a2a5a9e2298fb7,86
35590689349e29d6540a7c14f8a3d42c,86
c8cb1c570b772e3f7943e254ba096e9e,87
56deba64468141b0968ad8899b121b15,87
ae91c33b37bf459a7e10f36209548637,88
8be88cbd606502cf980f721d57c1c794,88
96907a7abf71ca7e5e48b36514d6c7f2,89
424695a2886897279fd2d40c394d7848,89
dbfdda9b7152e19ea54e2868965fa675,90
30fe4507ced857a7c09246018e2c0c3e,90
b428c7ddb14ad3f3ca9db0d3c01e8c04,91
5112ffdb6b267c33eb57cb47580d7bb5,91
6cbc6f7259cb45a4086cd584aec53857,85
c5ebafd955baf6a9329a821547cad7c4,92
318cb948ba8cb28995204b0a7ebba6d4,92
e13ad43ca93b81c3461ec29c1ca41106,93
163fabe883fcd17de4f899ca8ede45a8,93
b0ee38976e71dfbfba705974713ee612,94
53a0d392e204cdbaa181fe636dd62600,94
9ad778a5756c42441beb803ad8318fec,95
5f40e0b339592b1b70f17134a06abf98,95
6f310463d3868e86be87adddeccdde19,96
0bd0dd2e0b715471eab534e1d815ebb2,96
abb4ad0009ce57bca8d400acff5d34a8,97
665fcad8a2159796d111633809f6d0b3,97
6e4491b337dde383cdf2a75685dee968,98
1f86b6a526481bc5d2ca18d94f94f062,98
798b6d2cc34c30279d4155deebf16647,99
18a3bb8a5a0e5449d25195eb10804e39,99
e920b4b7fadf9463723ecd4e5755c485,100
4ada62a4e80e0cc01ceac327b2f5c57f,100
9effeea56c413b92340b89d1240769c1,101
367f122e80bcd0bffc02f6a04c1d8234,101
5d7632f1794e2cebb36e21c51c9f4402,102
4ecad8aefbc2ce6931baaee0cda6955b,102
67e855cca15a9930d065bf9f14241b41,103
1e0379988bc494245913cc4bb10fb8c1,116
66ac9acd0174425c2ad47448fc55ca45,104
046bac77a58c1be84a6418904e755280,104
a82f9f71cde84001ecc92ccb09eccb5c,105
254fbd7f21925ba7732800213af7ed47,105
8e7fc648a8693bc9ff0f8679220196f5,6
65529d6dd8a2d9596cae939b6aef2c65,106
39e0f864a25b0498bf35d6d27e36d4f3,106
d0722f1c8a76133ce8400a4c1dafce5a,107
435f5526bfee811bcd4bbf54ad40b600,107
dc5d3a5a2d4d114e5e4f3cd07fb55fc1,108
1307e25950ec553c3d02121252e6a80f,108
5bc396007c667e5fec6587d07a9af93e,109
0db426156d588a5bb0b6036ac0465be0,109
c9c295e486e0f7f7dfb4f0fde6ff8240,110
612aa3391b33578ba22ef3d3f3ef9d90,110
c4fb78f4b25153789d8c8b22b938d322,111
72ef48dc4b05d21859f3842c373e5216,111
c0a0956a39319920d02c5c4eb30c5e10,112
1b86a85640e5832e6b27d89c8f99adf9,112
8cc5179031ebbf5704f2cc33476dd5be,113
66c2c9894033a7e09a33548f4e51c2be,113
d82ed201dc437809e5fb20877310bedc,114
5e862859f60d643795701ab5a17c6348,114
964eaa4f691fa26ef2b0f6ad487510d8,115
830484a95f45f28e37b68bd440fd9357,115
fa6a64b3a0c696072eb77fc03e2858df,116
de06480e9ad90fd6fbb3b2496eb6d35b,116
8679a305ae1cb7b2ed35c30529650e47,117
76d4adfe37540b9f618888092c2bc162,117
e9d628364cf51891028163e0cfca628c,118
9d1bda4d28af5a9f5d1d96833cec1728,118
58d439e1cf180a952bd059b6be710665,119
2d1b57132c3a9858f4d983a10e07e9a0,119
f2196dcfec3027846cdd304448f28fa5,120
0bbbb6734f721f4df4d2ba60ade0ed15,120
a48b27a0f0f78595b8d71a4b373acf81,121
7fa4634ab59a7832bc877fef162eacaa,121
c1fd9dfbf6a743763409b6d1a26ab29c,122
700a11960e7458ed75689c47eeebe141,122
cf82146a7d5cfc712501c6471ccb882e,123
789a88aa6341166fa4e3e08647d3d0e8,123
a5dbc558ca9c9612b608645238c15129,124
8ae069858aecbad846f4d69d405f9bd6,124
8794d36a3038f4537f7d261d3af4eebd,125
3da913b3f89eefa02a90c878ebc4c3ae,125
b06b4755a9bbdb1e304f98a5d71e3c29,126
836ca5d73c88ad94fb980ca3e5e65da7,126
c91a4333041f727dbf2ad1da6f6edc5b,127
7493b991594249bb3027be2df62a4dfd,127
da07bf2ac3a36b2ff58e35561f15613f,128
06eda4a6faca84e84a781fee2d5f47e1,128
be403ce415609008605d63396869ed2e,129
b0e4ac380ceb1b245dd4fe6052913919,129
b498ef879c259999363dafe50f2b7acc,130
38f32b275b2bf74ee659cd5acdb14a8b,130
6bb5a1ea7cae19a7a11fa7cbd55a7410,131
3a08f79c589a9e1d00a258e86a1331ce,131
6ef357192c2530ee54e1bd38a3231e00,132
6890c90884c340a88a661384550e6339,132
6d86f19eb226c49cad23b4b0d5ba9ef9,133
5c2226e06c1c417be01fdd49ce5501b9,133
f0197942d5cd986426ed3550e562d495,134
ba688af0eaf8cb53ccca7ee628a4691a,134
dd4a6b2c2370f47add9ec08e2f7e7458,135
632bb32084df3f4c50164c2c684d34ab,135
738aeefd8bc05ac71e2ea552828e97da,136
435661930d09e42e5217033238c404c0,136
f73836ebcc90a2855d78158b746169db,137
2673584f9398ce0acb21a86a1a711088,137
64c7193405afef922cfda4c959bfd28f,138
3381ea445ec8554a5cb3e7d3153fc0c1,138
d6fbeba66fdfeaf442343cfd6f844a77,139
bb25d84b4c461fad076a63b4a048c811,139
eda92317b583435a810cac1dc7bb8025,140
7641921e308edd4de40ad5f83db43a04,140
ccc369b1011a0bf8ab0d11b2ac495bc8,141
b77a9076b560f05dec87198633e8e00b,141
954e9c58e7e2007d308584e35368996d,142
7cda8336608881de4ecf64d5319721ec,142
ad0c63c4474947e4fe009453a3a6147d,143
4a40f41b4f18ff0dffee2fefbb19ed3f,143
bdeb7ab6c22749f3a39e5a88ee4a0fa4,144
774c9b631a29f191836b1078a6c3a67c,144
8143e5473a650fd79750a6b4cf7c52e1,145
330823f8120df480aefdbf1d107747ba,145
85537a74e1872569f03e0fed5e8fb9eb,146
78b2a52265722810be3fc2f3a562630c,146
aeaa36ea58cad0b8121e59321ef1d41e,147
673449b5e46a844b12b1599781684591,147
fc860f59830b4295eaa563554b16458a,148
1da207ca934ce44dc9b3dd8809d0b834,148
d4fb7f6c56896aae15919a010984a8bd,149
78ad8ce5fe537a97afaf19db3e99628b,149
a295b26b9db32ad2795fcdeef1d853db,150
16a9e8227156e2d8598cd22e633610be,150
99052931c444660b3edeeb5e9279a4d3,151
0cee71ab57422e04f76e09ef2186fcd5,151
3acfefa2f174d9f3f555cae12f5394ee,152
1329fffac9982cca468efe133cfacf50,152
d0461ccb7f1b70ee7dc3188422e246d9,153
492bf65046ad2ac9f710930418b15a75,153
7c440d8eb7dbda63b0b45b7773fa8279,154
760f8945b00dc239d46a48bc34909eb6,154
f2d3ffcb3aa600272d70fe13b62a56e9,155
125ed8b10ae6c064811a76636e949515,155
dd4b7951eccf92f36cddfb02de6c2839,156
281b5e3e80477bed6206fad69a470756,156
6dcece3682e1f8d8772be8dd3649b1ab,157
42045280ad96d543a1edb099b0b05940,157
afa70cee560c0b557c12a0cf0ca7611f,158
6f7964ccd7bf337793b91b0a2c4266ca,158
aba52f1d32ab593c075801a10a98938b,159
134b29504e8774c3d38102d6ee81cdb9,159
e7db63dae4f1dbcfe945651219d34674,160
43111f9c3a9aca9f3b1daf09f392f3c8,160
76541217a60105571466b759358ab8df,161
3094f0e7f338e708620942f9f939c7cf,161
20340e3ee5bd16fdb06dabb63079c835,162
0e347ad243e4019fad579d3282a730f9,162
b9ddd69769597b7910120d47e6a93f06,163
876d25db23f2f8ed17646186a30bb263,163
ab106ca32e9155aa7e68eabef8e2ed59,164
85b7018a9e5287342a1392fb02ce24a1,164
8f264374ed3fa427615c1650218e7f21,165
0981f547380ba7b05772f3e5685b1beb,165
6610773ae6ab13f5fca25de96945cc4c,166
2b03baa16076f3848892001f9f5d392a,166
e4e5fcff14e99aa91c9e3c6a0e2395cc,167
addfcd0294884a0539e9e6a39d07c7bc,167
bdd7c058fbd05e43b11d0affb2e14dce,168
b5925cdedf4c9c40b4249a39bfbbe35a,168
7ee441bf99f40865e465910785ea56ce,169
62e36f7cc417a5e10b21466267b327ca,169
6468063d0445cf082716fa830a507de2,170
3c4ae78a64e6f263d159a9fac556ec7b,170
c3d455bdad379c5c262e16b750789baf,171
664a26f04c363ae643886559d5910e16,171
7bb9269813e03e9e784a87f3a2486f04,172
00c46b336b5b06423fcdec1b4d5bee06,172
5b4d05a2a6b70bbb2ee716979a7fb120,173
19638106770d8d0494e4d1ccf64e1662,173
3e82e6ca41e6bb8dc98c7006d5ccdba4,167
d067d3241f1340c9c54c1b78a5a780cf,174
59f2e4a9a209e933826447819f890aec,174
c1816758539877326f9021819c223f72,175
03a05c8a657934ae2d21d93aab9181f9,175
78e15fff6ef70715b6f5b44caf905f97,176
72aa3eb389001c2e3ceeb58e7b48dfe9,160
0beac47a5319a85fe10af9cc1c114f09,177
04fb016f937abee73415638884ec0367,177
66557aa92abab5f0eaa6a7c03d17bff1,178
0d495f9f23cac774653c41214c574425,178
2b1ea815af8da3697c64c682855f9b3b,179
09d4be69a2330cd49298bf30d29cc4e5,179
b95035c00e6e99f3b4e3cd210700f6ce,180
b13961504ea859ff34a150bc19fed335,180
faa8152ba98c87d018ea66bb75d381b3,181
89ed4340802efa3106d6aba76341c180,181
e5c048da7a875e04bc632e048223309f,182
745fb454d6a8791d6cd69d1aa4dc90ba,182
7c9d2571c6ced829b53f37465b030c5b,183
285e28ef159dc6a54e18cc1962136596,183
9e9c36a50726e766d79a3871e0fead40,110
f367f6252be10578dcadc00ded89ecd5,184
e78a43e9cbfaae34ae2ad4929f2f8bcd,184
b19b678ac181c02332d1ba7acb6ba436,185
5f554a63b2a187b75a1764282fbf10b6,185
aeec9f0bc83c16e7128b26e41a4d7ff4,186
5504b8b281b572e1da90774ff3f207c6,186
fb5fd7ab15e699998a30b36fe169431b,187
ee83e1603d89100f6546368fe275aaa5,187
9244b109ff28b15a04941fbc00a5caeb,72
847c0798ac88eb76035bab0da44cb71c,188
1bf0cb1e3f0b2ce35b9b0a406cd225c5,188
19f3f3265bd80f1ee68cff968541639a,189
02a3870e56dbcb6afd73546af54a8457,189
6549ae500a4a645d44efb7a611c5ab21,190
2102cdaee1284c7da24effe67551ee87,190
aebe292567e0f8447fdc94994189a80a,191
5a3e3dc26a1d2a473855a6161d870a96,191
a09c9526e3316571648552d78ac37c2d,192
7e8136cda906272497595cfb2088f4c4,192
e93b6d79a651c132ee0703fc60dc2199,193
b2d9c8835a45e3ad96ecf8596de851e2,193
8826e4b9c231e9b9a69a5f2e8efc815a,194
00c15b23b30a5ba061358d9641118904,194
aef2f50710677c1204538d88d3475e63,195
5dfb4fde4486edf9f5863e61a1ba016c,195
f1a748bf771215ce5a166846e8d9af79,196
511a33b7aeb1153407ed2d55cae001c8,196
d69244e15961cf6fb54d50a3baaaa46d,197
975e3dab22e437d040f2fd296a8d038f,197
e65d809914de1f87fd337a75ac08454f,198
67221cc31ec6ad9e106de548f7aa5823,198
df4146c2cb4e97d9c227bdd90d4dc6f8,199
63226114e772943ce7f8017d9f5d4b90,199
c7579439b6073eed35a3df5a541b3949,200
20ec7cf1e184baab03dad85a1a601532,200
acb7fc21fae5acfeb3eae17fbefa0e58,201
848d1942cc5b7feb97cc03d3ad08d6f9,201
c4cba053efafeac85ec882e30ac6e498,202
60d32cd009e0175fe8607166861cd430,202
e6a6f4658717ef0c20e18cc89b96f4e6,203
bda25c48ac8086cccbf2397e13166046,203
9fe39d85be93f02ef46c1863533f923d,204
51ad0c34db40ecea345bd236745f03be,204
b7131510648c471e74823eced92cf622,79
b5343f9567df8a68c3276f8d8cdcc6a5,101
de6b31466c0af9a7024de03a5540f1f7,205
1b395ce8fd3eee21b0feb260e477a197,205
c815395bc70fe23c78b58cb3b6f2a19c,206
34bf9dcd2f03642e6d42163091900112,206
df8bd94723b96652f71fbdde64fc8669,207
d4dcb1cd15053d17de19d2d63ddcb173,207
f02badb2b1c69c914644ea89c3c5846f,97
60e51083a75aa5283aadde7f110df48e,208
0b2cba7e97daa7f11ededc2ec7d67045,208
eaa98a57d64de34ccb77c1af98e1d39a,209
17e370eedaa11c265e5cabb3601a2fd2,209
a288e70d5f393dd6d804ad5e024cb5d3,210
a04846524f108bb046c4e39f3dcce5d3,210
cb3e71bd3331bf85370d0a3a3071f47c,211
28de07f534e1942fb63732ccd9e09338,211
bacad594d4d9ad882eda3a6738326d52,212
264e5e8732450598190acec51da65cdc,212
5764f6df31c3c05b73dfc0fe5c7bad04,213
11cd4062d15d22baae8edc898f374563,213
9af692888cef9a1698853f1424cc6fe2,214
3f5bab6cda2430e7cdf7ab27566599c8,214
365b34d59b0132366fd9feb0138ca7ff,215
03426e9293f207de46b5592c001eb45c,215
bd31a494912d04160fec50b16a4d330f,216
9e9ace16f4d20d98a65d3936b953f442,216
66cad79a848b2b9476a2517a80314327,217
0e4e6e275dbdf6742d98d5f853b2eaf1,217
7ac75b11d166936c552ce33e170afd4a,218
67bc9a23a87b07457464561b22515733,218
571ff890388328af4b5cc76183ce8189,219
4bc5aa61ba3fdc8c4257a621fda84e6b,219
7a1b601b146af835cef2bc71ea599c65,220
441265c6b4598e9bcd10bc10eb6293cc,220
838e413e9561b104afa20bdd1d02f8ae,176
5ce3c1ea8008cd274f8a9e47537143ff,221
4baed07e2381293cb782253baea6056b,221
620a6fbf50a7463ed0a8932782d7b969,222
30703edaf3bf39b0d04685f0f0a1d43b,222
e7ec6453face5f38923755adeeda2677,223
75cf9bec1ba79a53d29d9d81762e1817,223
f73951fddf77034c9fd44cb19f5fe6b5,224
389758c9e3aad00e774d581150f372db,224
8e25584bd03155d24a2adc00517a38e8,225
0aa6472328e4807ba54a807b8332da0f,225
fc3c4b863c8e9defaf8f430cdee91183,226
6b512a45bd8ca759e655c2d551dec2d9,226
e4018c330e40dbf522c073c22732cf38,227
be636d17226e4adfd7ee577877591cac,227
dc2ec851fcbf594f11b023387ac15003,228
303090fcc31ecc2584e6addeadfa1402,228
7d60fa34382d46eddec04ec8acb4cb52,229
5b2c1fcb4a370400b64df671560fb733,229
e8efa9929870f9695be85d3ee7276518,230
685903725349cde80b2be656ab872194,230
f7b519160f85eb52ace93414ffce8982,231
25c5c31bc182f9c26fb4c084e1fa2df4,231
a737733c443a5aab85263c0a8ad94e2b,232
86d82664f0e63cf73f03404507a6e3aa,232
ba4a7100888e96520a047cbd8f889371,233
3ee83e295ae1fca3fbee89fb67666bc1,233
38b57271d9d5c552236511e9c5d4cf04,234
1a2aac625091eebb572f8b74bb8d1ce2,234
9c37ba42f856303b343aa8b26989cdcb,235
21c38be50507087a0aa63fb270d221d5,235
298d780b37c48a65e22016e482978113,32
2baf0e44d4c112ec9d268029638ea7f8,116
6210ddaf9f3e233411579da0ea9a0484,236
2d476f44e80b5536c71dc3793b0a2bc9,236
9732d77870c47958a27d32126266ef89,237
479200a381febadfd767615fbe77c3ea,237
da1de69a3097c5cecfc5a5c20f125340,238
59750807e9d7869288cc60f7c318314d,238
2de0597cbb7af462bfdb7b1c4f935248,118
9825a1b0d9fd541a2849af0880927c88,239
7120c2334b94794a94cf54a4ef1a2303,239
8d4d03f080d431387a79cfbca4065dbd,240
082fd0a9f827b00494feb039b53b5500,240
dcdea3763106a19e15cc052a3a251f9e,241
903c88d5dc12315b4f6e9d6ad6b82537,241
f4ee61458d542b826014e72cb224a0b6,242
0b4fba162fc179a4cf63cc986f72ac4c,242
5b63be15731e9414734353fa1b91adb4,243
205afeef1c18c6455b3a99703cdfb8df,243
d93b3bc2dd02c94fec754e34a0501284,171
4ba2c9a9103bbbaa575dfb3b888dc195,244
1d1163f720942d79ca68721d8f634914,244
687caedb62d68fd4692af68d695efc1c,245
06ef49a7b77e883f089cfdd80642d6f0,245
835c2db7726b399c38e5e53f1c326ab6,246
00e6511435645e50673991768a713c66,246
a43ae1d4fbbb8606f3e38d2f21824b61,247
5a4d7035c9741c06a1c38b4c7dccdba0,247
9f08d625fda6cb202fdc3193a476b1b1,248
3a307aeade076ae4aab09ae25a5d30b1,248
7cd2df8fe3fe766914f311e7044ae747,190
b64b0fc3bbfde95fb265773a61962813,249
b53d843700d9665439ec8791e4024d70,249
6875cac943f84443b8e7c2a44ee809f2,250
39f36065811dabb953b5fa41f826f669,250
48a55edac048e97e80e63a7c55bf2afa,224
cae077a0259202d61eaf7f10424b148a,251
7624415370e093d21a25464df6b3fbff,251
f0a73ffe7d71950702ebd0ef7efa86cb,252
95ceba057707ca5624053399bd2f14db,252
b70651a991d293e0fa741ebb1754e15e,253
21dcd35e0e0aaa2e5453c871874a8ae1,253
aa5f6291ddf9631c11f89925308051ed,254
301d13eb98beab38bf58e20fe04bc68e,254
87c639ec5365c2d6d61581be6407c8b6,181
282cb9398d53504c4fdae1e18d2dbfbf,255
0f374b1b7edab897de6d3dcfecd1aac1,255
fbec0ff75cf34743b0143538e59c4641,256
ca8d1d9139e69459bfbd3fdfbd909e8e,256
e43ae1ef2cda811070e2c0a6d6154150,257
0c16dad59425c963a1dba7a84638ece7,257
e4004944daa2e2ab41f4d8cec3adec83,258
a6f080dbb9bf42ed3e8510972595c71c,258
585673c1e2a7911db8386224726284ed,259
2577c90f6ee46adf9d3f7c16ba8db9c3,259
8013d514fff8374e2f0435f808a57d8e,260
4e80b5738f591c7d0d91889c2bdfd39d,260
c24b60c2684c21b33a3b88942ddb91f4,261
bf8add8e1cf28e124aa99ef2d0e15538,261
c794f26c98b4d7c37133809c2d3f8aa1,262
17a486c9252622e27c2714de7e7695b7,262
f3273751f723042683d45d00d3880c8c,263
b677231c72557e88e600d142bd41649a,263
91c2e90cf320a9e3cbaeee14fd3b44e3,264
644009d197e73a26659353807e116e84,264
810482a949cbe7f5cd785a1dd9f0122c,265
516598fef0cb4c22e42999b3df120e2c,265
f85334e801a490f557571e1ee2ec7a5a,266
57ac237fd7804341517927ced4353c71,266
e62a7175ca466fb365631d124972c0a8,267
92d9151ac1696151907d63db1116efa1,267
f480b897adfe65f572f79d9f8d45ac9e,268
1cdd6def1e3099a9763938457cf0b4be,268
5eeb5f06877a051a7a7f99ff151919c3,151
8a21fc0aed2fd06a8b3fe4824c53413e,269
287954ebec5531c31c41010a31ca23b8,269
d451ec7b30cdbf594212c1bf7549a212,160
28e51d6764c6d71b78406be1fb53b76b,64
9e3843c81ae2badfb22d9a46813d4470,270
17364682bc0141eab397828f49642a60,270
ab0c6950b69d38008bea90173b44aefa,271
a295321349862720b6541d443b46ee33,271
a1182a350f2f7c5b6d75aacaf5aededc,272
6a2889f097b3501ebc0343427e9e0c3e,272
fc2fd27c7f16ed0c6f522ef43f585727,273
07aa24f15ce062d65979b6a8bc7eb3f0,273
988c9deb4dc9996464fbccb6976dad1c,274
3c027405c5707d7ba2b67e75a652ba62,274
3b89fac978a021d49806d2f75cc9f4c2,275
3752b697cae9f81a9d5ffe44dac58e7a,275
a067b076fca33e4b22dd6f1024bfe369,276
53f9f8b1c02567febb3209a7671117c1,276
dd549fc1dbc7db15b94d1a0cfd7de309,277
955f09b99664b07b0cf18768c84f2253,277
aef75d4c390d838aabe56e2d601b6a13,278
0a97bd73cd153b33751d43821ff0a400,278
bc8ca8636656c10658685c587f893dea,279
0ba540dcef7c6a994c4e0634cbff4af2,279
a59a439b05a88a8ed3210054269c7bca,280
4d803d599e3aa34b4d4d97b0e3a6ff5b,280
577a95c3a3a0fb362b7282fdf9311015,281
1e1f00a9410f29e4d4c9920530d883c0,281
f34713c3ba1e433268c056d42b29fef6,282
c3f5378fbec18534005c2d1e46f1cdfc,282
e8c4df5d82b20ace2d04f178e70b6dae,283
8751f19f273f69ba8ea5c49dc9dd4654,283
cf2d2942b89d99574da83a3dea91d8fe,284
a099b54eb2b17f63033f310eba0a61fc,284
66b715d5da126fcd163dd420ca983cf6,114
a81d768e9eacac29f12201fbb1ed93ea,285
7105b8ee8d4c00c513b334fdfdcd6c49,285
b912445f14c14f0583f573db5be18d7a,286
6ae06c0101d0cfa56d4ca5c6aaa7750b,286
89a1979b3baf29215a093228f11372e4,287
2b730c057bde4c56e79f693e3d577138,287
c35e39e522cb0a93ecd114c71e72af05,288
82b8e31cf5bd59934af005c609d05e64,288
b85c0e9e08d5b97d232f295fffe7f5a9,289
7b5c303bc727db87d76486bc15084adf,289
947778d55b7cb029d9b22bd048534fe5,290
89b62c165838d36fd294a57624db8e4f,290
8634ef0b80d1353887839c0a4a36e074,291
514f766f399e03368682786c5d23f3e8,291
c137649e6a6e22b208cdf785a004603b,292
bbcd685ce62f785a441a2c8246fa93a6,292
b82ed1b48b3493902aa7f60e8fd6e795,293
40be6eabc1be4bd88eabd38aa07ac9ca,293
af4e9bbfb08853b7b2813331fbe5b877,294
58c59865a2b61e6dcd15fdd75c03f8ce,294
a0a19caa7f2b6ff84b3e5cf0aa3fc68e,295
30a54c050c9eb531d2709b05ede484ce,295
e82301e658d765151edd7134a663c4e1,296
cf6d2d5e9dd37892e7aeb4cd12f76db3,296
87a463cb0b4da2f78e25cd0986475367,297
65002e22794ec60c9b98df5a6a75b609,297
004391d48d58b18156f811087cd38abf,114
f9caed448e138e702ee5a2c906a671fc,298
cd636fee80a3058dcd3f5428d997a153,298
83ff615957c966e2f9defbc4339196a3,299
55871a7a0ec1e0958ce44dd101d48be7,299
